,color,is_revealed,vector,vector_normed,cluster,distance_to_centroid,colors,is_in_cluster,edge_color,line_width
drill,CardColor.RED,False,"[-0.0055476  -0.39273     0.15205     0.4551     -0.36954001 -0.40237999
  0.36912     0.74699998  0.55791998 -0.83863002 -0.37461999 -0.20634
  0.40669     1.12759995 -0.79787999 -0.24293999  0.27706     1.07190001
 -1.1724     -0.61039001  0.54102999  0.18077999  0.20200001 -1.08019996
  0.58973002 -0.91807002 -0.0088915   0.059115    0.47290999 -0.65499997
  1.9677     -0.56200999 -0.96587002  0.35787001  0.13508999  0.80647999
  0.33995    -0.36177999  0.32938001  0.1069     -0.42603001 -0.75836998
  0.019512    0.41161001  0.94834    -0.72586     1.41349995  0.69038999
 -0.87651002  0.18577   ]","[-0.00115742 -0.08193668  0.03172274  0.09494916 -0.07709847 -0.08394999
  0.07701084  0.15584931  0.11640086 -0.17496641 -0.07815832 -0.04304946
  0.08484921  0.23525526 -0.16646459 -0.05068545  0.05780403  0.22363438
 -0.24460205 -0.12734787  0.11287704  0.03771678  0.04214399 -0.22536602
  0.12303751 -0.19154027 -0.00185507  0.01233338  0.09866492 -0.13665501
  0.41052837 -0.11725418 -0.20151296  0.07466371  0.02818431  0.16825884
  0.070925   -0.07547947  0.06871974  0.02230293 -0.08888418 -0.15822147
  0.00407086  0.08587568  0.1978556  -0.1514388   0.29490361  0.14403856
 -0.18286946  0.03875787]",2.0,0.20382999035870103,red,True,yellow,3
lock,CardColor.RED,False,"[-0.47725001 -0.23364     0.91601998 -0.46838    -0.43551999  0.041093
 -0.25294     0.18542001  0.41501999 -0.11125     0.46726999  1.21640003
 -0.78974003  0.40310001 -0.69347     1.31050003  0.84293002 -0.67237997
 -0.28725001 -1.1724      0.074723   -0.38703999 -0.63204002  0.4677
 -0.23995    -0.95183003  0.47602001 -0.064312    0.0753     -0.35881001
  1.60380006 -0.058494   -0.044879    0.27634999  1.12399995  0.29148999
  0.93278003 -0.49035001  0.66851997 -0.65530002  0.45398     0.51582998
 -0.076506    0.41481999 -0.23104     0.48214     0.62269998 -1.10099995
  0.57884002 -0.57165998]","[-0.10564802 -0.05172049  0.20277779 -0.10368449 -0.09641032  0.00909669
 -0.0559929   0.04104611  0.09187227 -0.02462722  0.10343876  0.26927241
 -0.17482341  0.08923357 -0.15351228  0.29010317  0.18659799 -0.14884361
 -0.06358805 -0.2595322   0.0165413  -0.08567839 -0.13991363  0.10353396
 -0.05311732 -0.210705    0.10537574 -0.01423664  0.01666903 -0.07942916
  0.3550305  -0.01294872 -0.00993479  0.06117513  0.24881796  0.06452664
  0.20648793 -0.10854795  0.14798913 -0.14506265  0.10049678  0.11418841
 -0.016936    0.091828   -0.05114493  0.10673051  0.13784604 -0.24372649
  0.12813683 -0.1265474 ]",1.0,0.20459300315733486,red,True,yellow,3
ski,CardColor.RED,False,"[-0.34981     1.56570005 -0.43064001  0.88647997 -1.05139995  0.048717
 -1.47759998 -0.13598999  0.099966   -1.26909995  0.69687003 -1.31860006
 -0.27048999  0.75700003  0.42368999  1.03530002  0.68383002  0.94919997
 -1.36300004 -1.1789     -0.26857001  0.61931002 -0.85483003  1.05649996
 -0.17112    -0.43564001 -1.06560004  0.52596998  0.10143     0.053273
  1.2105      0.81260002 -1.09360003  0.92883998  0.68647999 -0.18242
 -0.18893     0.62898999  0.40332001  0.44097999 -0.36726999 -0.051583
  1.00150001  0.54172999  0.24832    -1.03040004  0.72011    -0.31918001
  0.29069    -0.26818001]","[-0.0638962   0.28599035 -0.07866059  0.16192419 -0.19204843  0.00889863
 -0.26989801 -0.0248399   0.01825976 -0.23181345  0.12729009 -0.24085513
 -0.04940763  0.13827342  0.0773911   0.18910762  0.12490821  0.17338061
 -0.24896522 -0.21533755 -0.04905692  0.113123   -0.15614302  0.19298
 -0.03125673 -0.07957389 -0.19464221  0.09607353  0.01852718  0.00973083
  0.2211096   0.1484293  -0.19975669  0.16966166  0.12539225 -0.03332079
 -0.0345099   0.11489114  0.07367032  0.08054928 -0.06708544 -0.00942214
  0.18293372  0.09895225  0.04535806 -0.18821259  0.1315351  -0.05830133
  0.05309736 -0.04898569]",2.0,0.2637233647595827,red,False,black,1
paper,CardColor.GRAY,False,"[-0.71215999  0.028648    0.14848    -0.23793     0.25071999  0.33656001
 -0.99059999 -1.18970001 -0.024259   -0.41926    -0.090202    0.16064
  0.16936    -0.023698    0.31246001 -0.013672   -0.80506003 -0.22796001
  0.32495001 -0.78119999  1.2428     -0.27217999  0.91784    -0.67886001
 -0.10611    -1.2105     -1.02839994  0.96594     0.25268999 -0.49445999
  2.8362     -0.92855    -0.12637     0.15115    -1.12469995  0.16181999
 -0.019598    0.82145     0.47804999 -0.19526     1.26880002 -0.3549
  0.15587001  0.040564    0.32875001  0.091115   -0.34784999  0.5934
  0.45267001 -0.61026001]","[-0.14043286  0.00564918  0.02927919 -0.0469181   0.04944019  0.06636723
 -0.19533924 -0.23460034 -0.0047837  -0.08267508 -0.01778719  0.03167706
  0.03339658 -0.00467308  0.06161488 -0.00269602 -0.15875208 -0.04495208
  0.06407782 -0.15404706  0.24507128 -0.05367195  0.18099149 -0.13386634
 -0.02092413 -0.23870195 -0.20279312  0.19047647  0.04982866 -0.09750398
  0.55927837 -0.18310343 -0.02491926  0.0298057  -0.22178279  0.03190975
 -0.00386459  0.16198407  0.09426804 -0.03850388  0.2501983  -0.06998374
  0.03073645  0.00799893  0.06482715  0.01796723 -0.06859353  0.11701424
  0.08926329 -0.12033891]",,0.3158435311388938,gray,False,black,1
earth,CardColor.GRAY,False,"[ 1.08280003  0.82779998  1.01010001  0.012863    0.84289998 -0.27394
 -0.0047314  -0.47084999  0.33517     0.042372    0.59307998  0.16438
  0.28729001  1.22039998 -0.034446    0.77297002  0.70817     0.50199997
 -1.37300003 -0.29782999 -0.21992999  0.27519     0.89638001 -0.73123002
  1.43900001 -0.61846    -0.90978998  0.28174001  0.79896998  0.21661
  2.52559996 -0.54832    -0.66140997 -0.94656003 -0.79847997 -0.083708
 -0.44645    -0.088577    0.1127      0.15460999 -0.41407999 -0.47964999
  0.22811    -0.025582   -0.58715999  0.34786001  0.57678002 -1.20949996
 -0.60163999 -0.89548999]","[ 0.20623966  0.1576701   0.19239257  0.00245     0.16054618 -0.05217703
 -0.00090118 -0.08968225  0.06383944  0.00807055  0.11296325  0.03130927
  0.05471979  0.23244816 -0.00656089  0.1472267   0.13488431  0.09561535
 -0.26151371 -0.05672733 -0.04188981  0.05241512  0.17073245 -0.13927653
  0.27408465 -0.11779735 -0.17328664  0.05366269  0.15217888  0.04125745
  0.48104808 -0.10443787 -0.12597799 -0.18029018 -0.15208555 -0.01594377
 -0.08503481 -0.01687116  0.02146584  0.02944839 -0.07886933 -0.09135837
  0.04344785 -0.00487257 -0.11183568  0.06625649  0.10985862 -0.23037205
 -0.11459367 -0.17056293]",,0.31980353083738156,gray,False,black,1
beach,CardColor.BLACK,False,"[ 0.19833     0.76981002 -0.88967001  0.97886002 -1.17340004 -1.02779996
 -1.5079     -0.019948    0.76920003 -0.75563002 -1.07679999 -0.53144002
  0.68533999 -0.12774     0.19766     0.10602     0.17264     0.11041
 -0.91374999 -0.53886998 -0.15434     1.11749995 -0.43184     0.64231002
 -0.051128   -0.86440003 -0.21996     0.63033998  0.13961001 -0.65793997
  2.00219989 -0.57890999 -0.43044999 -0.089119    0.19694     0.066939
  0.067361   -0.31377     0.61554003 -0.46015    -0.22632     0.41538
  0.66272002  0.57590997 -0.27526     0.31088999 -0.13492    -2.09820008
  0.44147     0.36627001]","[ 0.03881548  0.15066076 -0.17411875  0.19157427 -0.22964801 -0.20115238
 -0.29511353 -0.00390406  0.15054137 -0.14788556 -0.21074226 -0.10400898
  0.13412899 -0.0250002   0.03868436  0.02074935  0.03378765  0.02160852
 -0.17883148 -0.10546311 -0.03020613  0.21870771 -0.0845161   0.12570753
 -0.01000634 -0.16917312 -0.04304873  0.12336485  0.0273233  -0.12876649
  0.39185376 -0.11329941 -0.08424406 -0.01744162  0.03854344  0.01310074
  0.01318333 -0.06140843  0.12046833 -0.0900567  -0.04429345  0.08129469
  0.129702    0.11271227 -0.05387158  0.06084478 -0.02640541 -0.41064211
  0.0864008   0.07168329]",,0.33935857192658503,black,False,black,1
mail,CardColor.GRAY,False,"[ 0.36893001  0.59280002  1.24950004  0.36316001 -0.51146001 -0.60500997
 -1.17639995 -0.040317    1.07350004 -0.80299997 -1.01629996  1.08140004
  0.26153001 -0.65745002  0.72565001 -0.54523998 -1.64750004 -0.65235001
  0.44492    -0.60869998  0.97047001 -0.30061001  0.78378999  1.21510005
  0.51086998 -1.93050003  0.13449    -0.36948001  0.60892999 -0.60497999
  2.12150002 -0.18208    -0.087291   -0.44723001 -0.69708002 -0.027963
  0.059243   -0.061207    0.077225    0.25235999  2.01760006  0.68347001
 -0.018415    0.86063999  0.35451001  0.20692    -0.055372    0.12910999
  0.59170002  0.65390003]","[ 0.06443933  0.10354169  0.2182445   0.06343151 -0.0893344  -0.10567434
 -0.20547644 -0.00704199  0.18750338 -0.14025636 -0.1775125   0.18888323
  0.04568026 -0.11483381  0.12674599 -0.09523459 -0.28776135 -0.11394301
  0.07771216 -0.10631886  0.16950759 -0.05250618  0.13690104  0.21223601
  0.08923134 -0.33719167  0.02349076 -0.0645354   0.10635904 -0.10566911
  0.37055278 -0.03180309 -0.01524672 -0.07811564 -0.1217558  -0.00488417
  0.01034771 -0.01069075  0.01348854  0.04407857  0.35240504  0.1193786
 -0.00321646  0.15032408  0.06192065  0.03614178 -0.00967158  0.02255106
  0.10334956  0.11421375]",,0.34071501966248713,gray,False,black,1
cloak,CardColor.BLUE,False,"[ 0.013931    0.29199001 -1.16939998 -0.44383001  0.94994998 -0.085445
  0.58974999 -0.72849     0.51655    -0.51358998  0.27555001  0.79155999
  0.096665    0.50196999 -0.38409999  0.53784001 -0.56115001 -0.40707999
 -0.11551    -0.42517    -0.34933001  0.50305998  0.064728   -0.86146998
 -0.69036001 -0.95096999 -0.80291998  0.99097002  0.58491999 -0.50524002
  0.03627     0.2036     -0.85153002 -0.033382   -0.53406     0.75329
 -0.66683    -0.42543    -0.47510999  0.0052872   0.48346001  0.41014999
 -0.13748001  0.86868    -0.13778    -0.93440002  0.67789    -0.65671998
 -0.27629    -1.11849999]","[ 0.00332736  0.06974052 -0.279306   -0.10600683  0.22689134 -0.02040816
  0.14085917 -0.17399661  0.12337568 -0.12266869  0.0658139   0.18906059
  0.02308801  0.11989331 -0.09174058  0.1284607  -0.13402819 -0.09722925
 -0.02758905 -0.10154997 -0.08343592  0.12015365  0.01546    -0.20575829
 -0.16488943 -0.22713497 -0.19177388  0.23668879  0.13970555 -0.12067434
  0.00866293  0.04862896 -0.20338417 -0.00797314 -0.12755786  0.17991998
 -0.15926939 -0.10161207 -0.11347792  0.00126282  0.11547228  0.09796251
 -0.03283649  0.20748037 -0.03290814 -0.2231773   0.16191102 -0.15685466
 -0.06599064 -0.26714876]",,0.34408751984311353,blue,False,black,1
teenage,CardColor.GRAY,False,"[-0.12583999  0.36305001 -0.017477   -0.8114      0.48339999  1.30560005
 -0.89319003 -0.16539     0.030757    0.78535002  0.2053     -0.020537
 -0.03998     0.44753     0.83871001 -0.75072998 -0.6124      0.022135
 -0.31632999  0.77239001 -0.47077999  1.18289995  0.024005    1.27240002
  0.062115   -1.13890004  0.052608   -0.81383997  0.20417    -0.024865
  1.47029996  0.56237     0.16802999 -0.31197     0.59654999  0.90946001
 -0.50645    -0.83077002 -0.18603    -1.14040005 -0.24199     0.27588999
 -0.08709    -0.14783999  1.60860002 -0.71548998  0.56857002 -0.90078998
  0.41304001 -0.25576001]","[-0.0263991   0.07616176 -0.00366638 -0.17021801  0.10140915  0.27389283
 -0.18737617 -0.03469603  0.0064523   0.16475316  0.04306847 -0.00430832
 -0.00838713  0.09388423  0.17594719 -0.15749046 -0.12847117  0.00464355
 -0.06636069  0.16203437 -0.09876169  0.24815242  0.00503584  0.26692802
  0.01303068 -0.23892198  0.01103627 -0.17072987  0.04283142 -0.00521626
  0.30844409  0.11797572  0.03524985 -0.06544603  0.12514611  0.19078934
 -0.10624465 -0.17428151 -0.03902595 -0.23923666 -0.05076541  0.05787706
 -0.01827001 -0.03101433  0.3374571  -0.15009771  0.11927638 -0.18897051
  0.08664881 -0.05365413]",,0.35689134059414807,gray,False,black,1
flood,CardColor.RED,False,"[ 4.41509992e-01  8.62680003e-02  7.13400006e-01 -4.73969996e-01
 -1.76590002e+00 -4.89879996e-01 -4.89630014e-01  3.43439996e-01
  9.98610020e-01 -5.98510027e-01 -5.74999988e-01  1.69569999e-01
  1.04400003e+00 -8.04279983e-01  2.54770011e-01  1.10229999e-01
  2.31879994e-01 -2.10610002e-01 -2.92659998e-01  2.24409997e-01
  1.88400000e-01 -5.61060011e-01  2.22709998e-02 -1.10710001e+00
  9.33749974e-01 -6.99270010e-01 -7.34440014e-02  8.07970017e-02
  3.53089988e-01  2.30250001e-01  2.69989991e+00  2.26989994e-03
  6.08299971e-01 -6.41749978e-01 -5.96090019e-01  1.28100002e+00
  1.89879999e-01 -1.04849994e+00  9.07800019e-01  1.45810004e-02
 -9.85289991e-01  4.46590006e-01  3.59930009e-01 -5.94380021e-01
 -1.26039997e-01  3.41390014e-01 -2.11129993e-01 -2.11710006e-01
  1.61009997e-01 -7.24709988e-01]","[ 8.65953142e-02  1.69201258e-02  1.39922309e-01 -9.29618389e-02
 -3.46353807e-01 -9.60823377e-02 -9.60333076e-02  6.73604107e-02
  1.95861815e-01 -1.17388428e-01 -1.12777300e-01  3.32585165e-02
  2.04764359e-01 -1.57747003e-01  4.99691729e-02  2.16198989e-02
  4.54796524e-02 -4.13078745e-02 -5.74007043e-02  4.40145288e-02
  3.69517282e-02 -1.10043190e-01  4.36811004e-03 -2.17140438e-01
  1.83140526e-01 -1.37150931e-01 -1.44048979e-02  1.58470745e-02
  6.92531065e-02  4.51599546e-02  5.29543352e-01  4.45205549e-04
  1.19308573e-01 -1.25869271e-01 -1.16913781e-01  2.51248219e-01
  3.72420068e-02 -2.05646947e-01  1.78050847e-01  2.85983633e-03
 -1.93249299e-01  8.75916800e-02  7.05946700e-02 -1.16578391e-01
 -2.47207839e-02  6.69583385e-02 -4.14098626e-02 -4.15236231e-02
  3.15796053e-02 -1.42140586e-01]",2.0,0.3584815296640338,red,False,black,1
fever,CardColor.BLUE,False,"[ 0.67808002  0.10489    -0.64556998 -0.061215   -1.81570005  0.75168002
  0.027656   -0.014812    1.21270001  0.11555     0.37108999  0.027248
  0.37858    -0.48773     0.46180001 -0.25283    -1.68830001  0.16354001
 -1.53009999  0.43109    -1.42739999 -0.082287    1.35549998 -0.02965
  0.37103    -1.12880003 -0.52485001  0.49908     0.45095     0.50261003
  1.7931      1.11389995  0.39098001  0.28836    -0.44330999 -0.15283
  0.060128   -0.63305002  0.91197002  0.0055036  -0.87923002  0.36504
 -0.37807     0.49665001  0.92330003  0.61717999  0.53507    -0.58354998
  0.19666    -0.10389   ]","[ 0.12799094  0.0197985  -0.12185451 -0.01155463 -0.34272231  0.1418833
  0.00522021 -0.00279584  0.22890308  0.02181063  0.07004506  0.00514319
  0.07145884 -0.09206143  0.08716702 -0.0477229  -0.31867492  0.03086898
 -0.28881389  0.08137035 -0.26942876 -0.01553208  0.25585728 -0.00559658
  0.07003374 -0.21306655 -0.09906802  0.0942038   0.08511903  0.09487011
  0.33845643  0.21025409  0.0737994   0.05442937 -0.08367694 -0.02884741
  0.01134946 -0.1194913   0.17213882  0.00103883 -0.16595899  0.06890309
 -0.07136257  0.09374513  0.17427742  0.11649576  0.10099709 -0.11014792
  0.03712054 -0.01960975]",,0.3693620944383027,blue,False,black,1
attic,CardColor.BLUE,False,"[ 0.37241     1.14129996  0.33658001 -1.0503      0.13349    -0.49285999
 -0.38304999  0.36289001 -1.11339998  0.048277    0.11486     0.68260002
  0.51413     1.12829995  0.69385999  0.70324999 -0.23364     0.36684999
  0.30768999 -0.45923999  0.33943999 -0.11648    -0.63643003  0.29189
  0.34649     0.0029316  -0.61208999  0.98272002  0.71155     0.086799
  0.70574999 -0.86004001  0.56923997 -0.14526001 -0.081816    1.42340004
  0.48012999 -0.039704    1.46169996 -0.27144     0.58622003 -0.28347999
  0.11342     1.00810003 -0.15333     0.27250001  0.68993002 -1.16600001
 -0.17761    -1.25310004]","[ 0.08019362  0.24576402  0.0724781  -0.22616837  0.02874532 -0.10613095
 -0.08248481  0.07814362 -0.23975612  0.01039582  0.0247336   0.14698899
  0.11071117  0.24296463  0.14941367  0.15143569 -0.05031132  0.07899635
  0.06625702 -0.09889132  0.07309396 -0.02508244 -0.13704688  0.06285469
  0.07461209  0.00063128 -0.13180557  0.2116159   0.15322298  0.01869103
  0.15197403 -0.18519837  0.12257838 -0.03127984 -0.01761801  0.30651058
  0.10338971 -0.00854974  0.31475797 -0.05845105  0.12623481 -0.06104371
  0.02442351  0.21708115 -0.03301761  0.05867931  0.1485674  -0.25108285
 -0.03824599 -0.2698387 ]",,0.3725559633724974,blue,False,black,1
london,CardColor.BLUE,False,"[ 0.032886    0.99637002 -0.69749999 -0.58375001  0.053403   -0.35758001
 -0.96735001 -0.048156   -0.23417    -0.31641999 -0.080246    0.0075121
 -0.69211    -0.19357     0.040528    0.74492002  0.079019   -0.13892999
 -1.59379995  0.33824     2.55349994  0.87576002 -0.15970001  0.85763001
 -0.68158001 -1.39479995  0.13189     0.10129    -0.74610001  0.67386001
  2.5618999  -0.19922     0.76751    -0.4867      0.39737999 -0.62529999
  0.63503999 -0.1989     -0.0953     -0.22472     0.61698002 -0.21968
  0.25839999 -0.39370999  0.47571     0.57735997 -0.55712998 -0.62589997
  0.60789001 -0.30978   ]","[ 0.00609004  0.18451423 -0.12916755 -0.10810259  0.00988951 -0.06621897
 -0.17914012 -0.00891784 -0.04336511 -0.0585967  -0.01486047  0.00139114
 -0.1281694  -0.03584654  0.00750524  0.1379491   0.01463325 -0.02572795
 -0.29515016  0.06263747  0.4728736   0.16217889 -0.02957428  0.15882146
 -0.12621938 -0.25829805  0.02442424  0.01875754 -0.13816761  0.12478975
  0.47442915 -0.03689285  0.14213245 -0.09013025  0.07358939 -0.11579709
  0.1176008  -0.03683359 -0.01764827 -0.0416151   0.11425634 -0.04068176
  0.04785218 -0.07290976  0.08809505  0.10691925 -0.10317292 -0.1159082
  0.11257299 -0.05736706]",,0.37279546419201054,blue,False,black,1
ninja,CardColor.GRAY,False,"[-0.087723   -0.63516998 -0.099806    0.22612     0.71140999  0.45138001
 -0.063081   -0.70186001 -0.68434     0.18021999  0.68550003  0.67154998
  0.55603999  0.41407001 -0.17592999 -0.27008     0.014675    1.23740005
 -1.10570002  0.68228    -0.97219002 -0.0067363   0.31242999  0.19441999
 -0.38835001  0.19211    -0.84429997 -0.96828997 -0.043853   -0.75629997
  0.68035001  0.055523   -0.87892002  0.20122001  0.62654001  1.38909996
 -0.56831002 -1.82190001 -0.35444    -1.23520005 -0.44       -0.58091998
 -0.93141001 -0.57828999  1.22319996 -0.41075     0.95226002 -0.43118
 -0.17533    -0.47806999]","[-0.01789085 -0.12954103 -0.02035514  0.0461165   0.14508995  0.09205761
 -0.01286518 -0.14314227 -0.13956911  0.03675533  0.1398057   0.13696062
  0.11340271  0.08444835 -0.0358804  -0.05508201  0.00299292  0.25236407
 -0.22550424  0.13914898 -0.19827527 -0.00137385  0.06371917  0.03965138
 -0.07920283  0.03918026 -0.17219247 -0.19747987 -0.00894369 -0.15424513
  0.13875536  0.01132375 -0.17925313  0.04103822  0.12778097  0.28330281
 -0.11590514 -0.3715711  -0.07228699 -0.25191538 -0.08973669 -0.11847691
 -0.18995831 -0.11794053  0.249468   -0.08377124  0.1942106  -0.08793788
 -0.03575803 -0.09750096]",,0.37707474128710683,gray,False,black,1
park,CardColor.GRAY,False,"[ 0.34110999  1.68379998 -0.27013001  0.91403002 -0.39822    -1.06040001
 -1.72440004 -0.60697001  0.60083002 -0.79668999 -1.02479994 -0.30963001
  0.097084   -1.37160003 -0.29236001  0.60255003  1.24070001  0.78956002
 -1.27760005  0.15796     0.014214   -0.10963    -1.09109998 -0.035624
  0.22818001 -1.02960002  0.38084     0.51160997 -0.55106997 -1.16789997
  2.47749996 -0.34698001  0.25310999 -0.68252999  0.36669001  0.037549
  0.73613    -0.089027    0.019783   -0.28858    -0.56479001 -0.60334998
 -0.4165      0.26696     0.44207001  0.014374   -0.46199    -1.59829998
  0.39844999  0.023026  ]","[ 0.05957411  0.29407196 -0.04717761  0.15963333 -0.06954825 -0.18519653
 -0.30116267 -0.10600598  0.10493364 -0.13914015 -0.17897905 -0.0540762
  0.01695551 -0.23954693 -0.05106003  0.10523404  0.21668553  0.13789492
 -0.22313004  0.02758737  0.00248244 -0.01914664 -0.19055821 -0.00622165
  0.03985114 -0.17981738  0.06651287  0.08935156 -0.09624316 -0.20397116
  0.43268992 -0.06059929  0.0442051  -0.11920236  0.0640416   0.00655785
  0.12856348 -0.01554837  0.00345506 -0.05039986 -0.09863933 -0.10537375
 -0.07274081  0.04662398  0.07720655  0.00251039 -0.08068554 -0.27913957
  0.06958841  0.00402144]",,0.3809133681375767,gray,False,black,1
moon,CardColor.GRAY,False,"[ 1.10000002e+00  1.72930002e+00  1.94739997e-01  2.97010005e-01
  2.08100006e-01 -4.46440011e-01 -4.67480004e-01 -5.14090002e-01
  2.27170005e-01  1.24420002e-01  1.10969998e-01  8.02980006e-01
  2.31509998e-01  1.16100001e+00  9.99210030e-02  8.18279982e-01
  2.93130010e-01  5.51600009e-04 -1.24419999e+00  1.10349998e-01
 -3.50349993e-01  3.65079999e-01  1.04600000e+00 -1.03950000e+00
  1.02489996e+00 -8.75069976e-01 -4.30079997e-01  8.62020016e-01
 -4.17750001e-01 -2.94180006e-01  1.84800005e+00 -4.53729987e-01
 -1.06930006e+00  3.26889992e-01 -1.03189997e-01 -7.40170002e-01
  3.55650008e-01 -5.90040028e-01 -5.67149997e-01 -1.21859998e-01
 -6.89199984e-01  9.87259969e-02 -5.31050026e-01 -8.32220018e-01
  3.70279998e-01 -7.30210006e-01  5.03189981e-01 -6.29580021e-01
 -4.72250015e-01 -2.42300004e-01]","[ 2.23416370e-01  3.51230841e-01  3.95528203e-02  6.03244505e-02
  4.22663153e-02 -9.06745495e-02 -9.49478937e-02 -1.04414654e-01
  4.61395426e-02  2.52704223e-02  2.25386487e-02  1.63089885e-01
  4.70210202e-02  2.35805820e-01  2.02945339e-02  1.66197399e-01
  5.95364012e-02  1.12033154e-04 -2.52704217e-01  2.24127231e-02
 -7.11581107e-02  7.41498602e-02  2.12448653e-01 -2.11128464e-01
  2.08163112e-01 -1.77731775e-01 -8.73517358e-02  1.75081253e-01
 -8.48474424e-02 -5.97496614e-02  3.75339503e-01 -9.21551858e-02
 -2.17181028e-01  6.63932488e-02 -2.09584855e-02 -1.50332810e-01
  7.22345744e-02 -1.19840544e-01 -1.15191446e-01 -2.47504706e-02
 -1.39980505e-01  2.00518212e-02 -1.07859333e-01 -1.69028701e-01
  7.52060100e-02 -1.48309877e-01  1.02200797e-01 -1.27871345e-01
 -9.59167105e-02 -4.92125328e-02]",,0.3834550953985669,gray,False,black,1
kiss,CardColor.RED,False,"[-0.19950999  0.78922999 -0.18974    -0.54567999  0.37382001  1.17410004
 -0.14031     0.15499    -0.60456997  0.81536001 -0.036863    0.31275001
  0.061309    0.62124997  0.89820999 -0.034447   -0.052187    0.19287001
 -0.58236003 -0.33489999  0.33399999  0.97588003  0.51539999  0.25059
  1.01900005 -0.56400001 -0.41209     0.48987001  0.61141002 -1.17079997
  1.30209994  0.59810001 -0.75595999  0.85707003 -0.86236    -0.10308
  0.85194999 -1.12349999 -0.14449    -0.71052003  0.52474999 -0.19518
 -0.91452998 -0.68629003  0.52337998 -0.43342    -0.15126    -1.19169998
 -0.28380001  0.064423  ]","[-0.04404547  0.17423693 -0.04188857 -0.12046882  0.08252759  0.25920403
 -0.030976    0.03421687 -0.13346986  0.18000561 -0.00813818  0.06904528
  0.01353508  0.13715228  0.19829626 -0.0076048  -0.01152123  0.04257958
 -0.12856661 -0.07393529  0.0737366   0.21544334  0.11378396  0.05532232
  0.22496287 -0.1245133  -0.09097639  0.10814775  0.13497993 -0.25847548
  0.28746234  0.1320415  -0.16689197  0.18921386 -0.19038172 -0.02275679
  0.18808352 -0.24803314 -0.03189881 -0.15686027  0.11584814 -0.04308955
 -0.2018992  -0.15151106  0.11554569 -0.09568538 -0.03339341 -0.26308954
 -0.06265403  0.01422255]",0.0,0.39359454667377386,red,False,black,1
teacher,CardColor.BLUE,False,"[-0.94920999  0.98376    -0.57502002 -1.3822      0.78416997  0.32843
 -0.43651     0.20277999 -0.26855999  0.29097     0.21551999 -0.12359
  0.18165    -0.20466     0.28222999 -0.81792003 -0.43123999  1.00349998
  0.51990002  0.51358002  0.22949     1.3671     -0.49405     0.70599002
  0.63063002 -1.70860004 -0.070777   -1.08759999 -0.80049998  0.051295
  2.34229994 -0.29155999 -0.23999999 -0.58339     0.76433003  0.46498001
  0.19742     0.67335999  1.10500002  0.13777    -0.18365     0.39083001
 -0.22634     0.094744    0.45203    -0.62910998  0.52827001 -0.26174
  0.020753    0.90380001]","[-0.1855864   0.1923415  -0.11242601 -0.27024318  0.15331832  0.06421355
 -0.08534499  0.03964687 -0.05250796  0.05688949  0.04213776 -0.02416391
  0.03551561 -0.04001445  0.05518068 -0.15991702 -0.08431462  0.196201
  0.10164913  0.10041347  0.04486913  0.26729087 -0.09659502  0.13803284
  0.1232987  -0.33405983 -0.01383808 -0.21264396 -0.15651111  0.01002903
  0.45795874 -0.05700485 -0.04692401 -0.11406248  0.14943928  0.09091135
  0.03859891  0.13165312  0.21604595  0.02693633 -0.03590664  0.07641379
 -0.04425325  0.01852403  0.08837941 -0.1230015   0.10328561 -0.05117454
  0.00405756  0.17670799]",,0.3981699816079798,blue,False,black,1
spiderman,CardColor.RED,False,"[ 0.25198001 -0.27052999  0.15597001 -0.6832      0.35646001 -0.33188
  0.21957    -1.40890002 -0.93830001  0.35679999 -0.13437     1.00100005
 -0.61581999  0.52026999  0.88726002 -0.80501997  0.13260999  0.51073003
 -0.87134999 -0.24687999 -0.28591999 -0.11932    -0.43096     0.033042
 -0.32786     0.093635   -1.00109994  0.40974     0.29570001 -0.10959
 -0.57648998  0.19255    -0.30270001  0.92199999  0.084747    0.59399998
 -0.052107   -0.67106003 -0.71596998 -1.15419996  0.2253      0.12820999
  0.52135998 -0.46559     0.47691    -0.84500003  0.79782999 -0.59175003
  1.12769997  0.0036395 ]","[ 0.06022951 -0.06466341  0.03728072 -0.16330184  0.08520283 -0.0793276
  0.05248271 -0.33676224 -0.2242771   0.0852841  -0.03211778  0.23926398
 -0.14719634  0.1243575   0.21207727 -0.19241985  0.0316971   0.12207721
 -0.20827438 -0.05901048 -0.06834201 -0.02852046 -0.10301019  0.00789786
 -0.07836672  0.0223811  -0.23928785  0.09793808  0.07067968 -0.02619474
 -0.13779548  0.04602425 -0.07235285  0.22038099  0.02025665  0.14198081
 -0.01245487 -0.16040008 -0.17113468 -0.27588258  0.05385232  0.03064539
  0.12461804 -0.11128762  0.11399338 -0.20197608  0.19070126 -0.14144301
  0.26954842  0.00086993]",0.0,0.4144055576587474,red,False,black,1
skyscraper,CardColor.BLUE,False,"[ 0.56427002  0.85451001  0.62787002  0.018242   -0.070895   -0.99457997
 -0.25828001 -1.07589996 -0.22677     0.51832998 -0.63562    -0.74899
 -0.37248001  1.32910001 -0.21675     0.42497     0.20012     0.56738001
 -0.56369001  0.19678     0.16954    -0.56705999 -2.42869997 -0.41834
 -0.45522001 -0.57198    -0.28338999  1.09679997 -0.071867   -0.28828001
  0.49438    -0.98935002  0.51633    -0.4337     -0.15002    -0.019238
  0.90436     0.23092     0.071597    0.042544   -0.93431997 -0.52403003
  0.80195999  0.34005001 -0.37863001  0.60113001 -0.25977001 -1.00929999
  0.62731999 -0.29668   ]","[ 0.1184712   0.17940848  0.13182433  0.00383    -0.01488475 -0.20881684
 -0.05422713 -0.22589037 -0.04761145  0.10882587 -0.13345147 -0.15725405
 -0.07820397  0.27905093 -0.0455077   0.08922449  0.04201616  0.11912416
 -0.11834943  0.04131491  0.03559574 -0.11905697 -0.50991723 -0.08783249
 -0.09557563 -0.12008995 -0.05949909  0.23027842 -0.01508882 -0.06052577
  0.10379746 -0.20771879  0.10840597 -0.0910574  -0.03149742 -0.00403911
  0.18987473  0.04848276  0.01503213  0.00893232 -0.19616497 -0.11002262
  0.16837535  0.07139513 -0.07949519  0.12621013 -0.05453996 -0.21190738
  0.13170885 -0.06228939]",,0.4261934282830898,blue,False,black,1
queen,CardColor.RED,False,"[ 0.37854001  1.8233     -1.26479995 -0.1043      0.35828999  0.60029
 -0.17538001  0.83767003 -0.056798   -0.75795001  0.22680999  0.98587
  0.60587001 -0.31419     0.28876999  0.56013    -0.77455997  0.071421
 -0.57410002  0.21342     0.57674003  0.38679999 -0.12574001  0.28011999
  0.28134999 -1.8053     -1.04209995 -0.19255    -0.55374998 -0.054526
  1.55739999  0.39296001 -0.2475      0.34251001  0.45365     0.16237
  0.52464002 -0.070272   -0.83744001 -1.03260005  0.45945999  0.25301999
 -0.17837    -0.73398    -0.20025     0.23469999 -0.56094998 -2.28390002
  0.0092753  -0.60284001]","[ 0.07289766  0.35112353 -0.24356992 -0.02008566  0.068998    0.11560135
 -0.03377395  0.16131501 -0.01093792 -0.14596286  0.04367813  0.18985475
  0.11667593 -0.0605054   0.05561012  0.10786751 -0.14916154  0.01375396
 -0.11055779  0.04109954  0.1110662   0.07448833 -0.02421449  0.05394434
  0.05418121 -0.34765717 -0.20068328 -0.03708048 -0.10663887 -0.01050039
  0.29991761  0.07567461 -0.04766252  0.06595915  0.08736203  0.03126854
  0.10103299 -0.01353269 -0.16127072 -0.19885382  0.08848089  0.04872554
 -0.03434975 -0.14134682 -0.03856331  0.04519755 -0.10802541 -0.43982397
  0.0017862  -0.11609242]",0.0,0.427837201863844,red,False,black,1
newton,CardColor.RED,False,"[-0.022427    0.40055001  0.095296   -0.34764999  0.23457     0.40006
 -1.00109994 -1.00829995 -0.21541999 -0.030688   -0.088547    0.25768
 -0.60053998 -1.4325     -0.38512     0.3664      0.20652001  0.095101
 -0.60268003 -0.021304   -0.19994     0.36910999 -0.18595     0.35848999
  0.19445001 -0.61185002 -0.24729    -0.24541    -0.61545998 -0.28665
  0.73330998 -0.73874998 -0.34283999 -0.91197002  1.06739998 -0.53302002
  0.11007     0.13150001  0.73062003  0.3091      0.30543     0.36309001
 -1.08249998  0.15362    -0.37761     0.082155    0.50748998 -0.81928003
  0.26565     0.34149   ]","[-0.0060172   0.10746826  0.02556808 -0.09327509  0.06293554  0.10733679
 -0.26859685 -0.27052862 -0.05779756 -0.00823364 -0.02375731  0.06913599
 -0.16112592 -0.38434223 -0.10332836  0.09830575  0.05540967  0.02551576
 -0.16170009 -0.0057159  -0.05364425  0.09903285 -0.04989071  0.09618348
  0.05217127 -0.16416042 -0.06634833 -0.06584393 -0.16512898 -0.07690869
  0.19674834 -0.1982079  -0.09198456 -0.24468313  0.28638526 -0.14301019
  0.02953197  0.03528168  0.19602662  0.08293206  0.0819474   0.09741768
 -0.29043662  0.04121651 -0.10131342  0.02204233  0.13616044 -0.21981425
  0.07127436  0.09162236]",1.0,0.44763752155238656,red,False,black,1
king,CardColor.GRAY,False,"[ 0.50450999  0.68607002 -0.59517002 -0.022801    0.60045999 -0.13497999
 -0.08813     0.47376999 -0.61798    -0.31011999 -0.076666    1.49300003
 -0.034189   -0.98172998  0.68229002  0.81721997 -0.51874    -0.31503001
 -0.55808997  0.66421002  0.1961     -0.13495    -0.11476    -0.30344
  0.41176999 -2.22300005 -1.07560003 -1.0783     -0.34354001  0.33504999
  1.99269998 -0.04234    -0.64319003  0.71125001  0.49158999  0.16754
  0.34344    -0.25663    -0.85229999  0.1661      0.40101999  1.16849995
 -1.01370001 -0.21585    -0.15154999  0.78320998 -0.91241002 -1.61059999
 -0.64425999 -0.51042002]","[ 0.09387138  0.12765325 -0.11073999 -0.00424246  0.11172427 -0.02511498
 -0.01639786  0.08815176 -0.11498412 -0.05770231 -0.01426482  0.27779425
 -0.00636136 -0.18266506  0.12694993  0.15205559 -0.09651908 -0.05861589
 -0.10384071  0.12358588  0.03648724 -0.0251094  -0.02135276 -0.0564594
  0.07661576 -0.41362131 -0.20013094 -0.20063331 -0.06392059  0.0623409
  0.37077065 -0.00787797 -0.11967481  0.13233835  0.09146743  0.03117324
  0.06390198 -0.04774972 -0.15858274  0.03090531  0.07461557  0.21741631
 -0.18861355 -0.04016201 -0.02819807  0.14572754 -0.16976708 -0.29967542
 -0.11987389 -0.09497103]",,0.4522916303718001,gray,False,black,1
tomato,CardColor.GRAY,False,"[ 0.23709001 -0.49856001 -1.07920003  0.44938001  0.65129    -0.020827
 -0.23581    -0.077086   -0.42917001  0.34349    -0.46077999  0.15058
  1.69079995  0.081415    0.38058001 -0.82966    -0.35473001  0.84395999
  0.12696999 -0.76117003 -0.28762001 -1.7802      1.53530002  0.15333
 -0.77069998  0.016573   -0.030927    1.0941      1.11660004 -0.60659999
  1.58879995 -0.17859    -0.5575      1.21469998 -0.093447    0.62138999
 -1.39180005  1.2802      1.39409995 -0.75228     0.29648     0.035917
 -0.35889    -0.64310002  1.39349997  1.19529998  0.52134001  0.090659
 -0.016261    0.38762   ]","[ 0.04183237 -0.08796637 -0.190415    0.079289    0.11491418 -0.00367473
 -0.04160652 -0.01360112 -0.07572313  0.06060568 -0.08130043  0.02656847
  0.29832623  0.01436493  0.06714987 -0.14638594 -0.06258887  0.14890904
  0.0224027  -0.13430151 -0.05074793 -0.31410005  0.27088968  0.02705368
 -0.13598298  0.00292415 -0.00545679  0.19304396  0.19701389 -0.10702903
  0.28032926 -0.03151058 -0.09836579  0.21432273 -0.01648787  0.10963859
 -0.24557042  0.22587961  0.24597622 -0.13273294  0.05231119  0.00633723
 -0.06332287 -0.11346913  0.24587036  0.21089978  0.09198569  0.01599595
 -0.00286911  0.06839201]",,0.4622237891315318,gray,False,black,1
violet,CardColor.GRAY,False,"[ 0.25746     1.30760002 -0.53377002 -0.27601001  0.29385999  1.29390001
 -0.10387    -0.38170999 -0.85667002  0.22008     0.77394003  0.44698
  0.89805001 -0.21469    -0.19627     0.76326001 -0.59596002 -0.20818
 -0.41108999 -0.54712999 -0.63940001  0.088635    0.44760999 -0.28647
 -0.097682    0.069301   -0.1038      1.01380002  0.36488    -0.235
 -0.03173     0.08522    -0.23338    -0.34724     0.11444    -0.37206
 -0.15515999 -0.17215     0.25622001 -0.48921999  0.39943999  0.45787001
 -0.3213     -0.90947998  0.59331    -0.24181999  0.26164001 -1.71819997
  0.038656    0.096534  ]","[ 0.06571085  0.33373537 -0.13623274 -0.07044532  0.07500112  0.33023875
 -0.02651047 -0.09742285 -0.21864567  0.05617045  0.19753071  0.11408155
  0.22920698 -0.05479477 -0.05009349  0.19480488 -0.15210533 -0.05313324
 -0.10492143 -0.13964257 -0.16319241  0.02262208  0.11424234 -0.073115
 -0.02493112  0.01768752 -0.02649261  0.25874956  0.09312738 -0.05997844
 -0.00809837  0.02175048 -0.05956497 -0.08862517  0.02920823 -0.09495991
 -0.03960108 -0.0439374   0.06539437 -0.12486235  0.10194804  0.11686098
 -0.08200457 -0.23212422  0.15142898 -0.06171909  0.0667777  -0.43853173
  0.00986607  0.02463812]",,0.4810942638170977,gray,False,black,1
egypt,CardColor.BLUE,False,"[ 0.75689     0.81669003 -0.25742999 -0.036118   -0.010797   -0.68949997
  0.10243     0.41161001  0.33417001  0.2597      0.23271    -0.32065001
 -0.44229999 -0.24886     0.2994      0.85705     0.61531001 -0.90882999
  0.097914    1.86039996  0.37088999  0.35089999  0.62257999  0.0058125
  0.092549   -1.63259995  0.30094001 -0.30160001 -0.16522001  0.51994997
  2.35630012  0.21679001 -0.84397     0.79183     0.093384   -0.061096
 -0.14283     0.44168001 -1.20290005  1.07340002 -0.15193     0.11218
  0.58621001 -0.68002999  0.32269001  0.48905    -0.92192     0.52070999
 -0.24260999 -1.83150005]","[ 0.14474889  0.15618514 -0.04923133 -0.00690727 -0.00206484 -0.13186111
  0.01958888  0.07871697  0.06390722  0.04966546  0.04450384 -0.06132164
 -0.08458618 -0.0475924   0.05725775  0.16390365  0.1176729  -0.17380614
  0.01872523  0.35578595  0.07092961  0.06710669  0.11906322  0.00111159
  0.01769922 -0.3122211   0.05755226 -0.05767848 -0.03159695  0.09943609
  0.45062271  0.04145928 -0.16140221  0.15143087  0.01785891 -0.0116841
 -0.02731504  0.08446761 -0.23004458  0.20527879 -0.02905534  0.02145349
  0.11210777 -0.13005005  0.06171177  0.09352673 -0.1763095   0.09958144
 -0.04639713 -0.35025908]",,0.5063907574171138,blue,False,black,1
